-- MySQL dump 10.13  Distrib 5.7.17, for Win64 (x86_64)
--
-- Host: 127.0.0.1    Database: link
-- ------------------------------------------------------
-- Server version	5.5.5-10.1.32-MariaDB

/*!40101 SET @OLD_CHARACTER_SET_CLIENT=@@CHARACTER_SET_CLIENT */;
/*!40101 SET @OLD_CHARACTER_SET_RESULTS=@@CHARACTER_SET_RESULTS */;
/*!40101 SET @OLD_COLLATION_CONNECTION=@@COLLATION_CONNECTION */;
/*!40101 SET NAMES utf8 */;
/*!40103 SET @OLD_TIME_ZONE=@@TIME_ZONE */;
/*!40103 SET TIME_ZONE='+00:00' */;
/*!40014 SET @OLD_UNIQUE_CHECKS=@@UNIQUE_CHECKS, UNIQUE_CHECKS=0 */;
/*!40014 SET @OLD_FOREIGN_KEY_CHECKS=@@FOREIGN_KEY_CHECKS, FOREIGN_KEY_CHECKS=0 */;
/*!40101 SET @OLD_SQL_MODE=@@SQL_MODE, SQL_MODE='NO_AUTO_VALUE_ON_ZERO' */;
/*!40111 SET @OLD_SQL_NOTES=@@SQL_NOTES, SQL_NOTES=0 */;

--
-- Table structure for table `link`
--

DROP TABLE IF EXISTS `link`;
/*!40101 SET @saved_cs_client     = @@character_set_client */;
/*!40101 SET character_set_client = utf8 */;
CREATE TABLE `link` (
  `id` int(11) NOT NULL AUTO_INCREMENT,
  `creator_id` int(11) DEFAULT NULL,
  `original_link` varchar(255) COLLATE utf8_unicode_ci NOT NULL,
  `short_link` varchar(255) COLLATE utf8_unicode_ci NOT NULL,
  `life_time` datetime DEFAULT NULL,
  `is_active` tinyint(1) NOT NULL,
  PRIMARY KEY (`id`),
  UNIQUE KEY `UNIQ_36AC99F1566B5764` (`short_link`),
  KEY `IDX_36AC99F161220EA6` (`creator_id`),
  CONSTRAINT `FK_36AC99F161220EA6` FOREIGN KEY (`creator_id`) REFERENCES `user` (`id`)
) ENGINE=InnoDB AUTO_INCREMENT=117 DEFAULT CHARSET=utf8 COLLATE=utf8_unicode_ci;
/*!40101 SET character_set_client = @saved_cs_client */;

--
-- Dumping data for table `link`
--

LOCK TABLES `link` WRITE;
/*!40000 ALTER TABLE `link` DISABLE KEYS */;
INSERT INTO `link` VALUES (1,6,'https://www.google.com.ua/','8GLNfO','2018-09-10 12:12:00',1),(2,6,'https://www.google.com.ua/','Jk6Aib',NULL,1),(3,6,'https://www.google.com.ua/','VLehlY','2018-09-10 12:12:00',1),(4,6,'https://www.google.com.ua/','h0TmRx','2018-09-10 12:12:00',1),(5,6,'https://www.google.com.ua/','8bO2zO','2018-09-10 12:12:00',1),(6,6,'https://www.google.com.ua/','RwvOP9','2018-09-10 12:12:00',1),(7,6,'https://www.google.com.ua/','uW1fhm','2018-09-10 12:12:00',1),(8,6,'https://www.google.com.ua/','mWWhTM','2018-09-10 12:12:00',1),(9,6,'https://www.google.com.ua/','hQBGHO','2018-09-10 12:12:00',1),(10,6,'https://www.google.com.ua/','yWebyl','2018-09-10 12:12:00',1),(11,6,'https://www.google.com.ua/','celFdl','2018-09-10 12:12:00',1),(12,6,'https://www.google.com.ua/','rZGjDO','2018-09-10 12:12:00',1),(13,6,'https://www.google.com.ua/','2WBs8C','2018-09-10 12:12:00',1),(14,6,'https://www.google.com.ua/','9X9QtN','2018-09-10 12:12:00',1),(15,6,'https://www.google.com.ua/','gw7GeI','2018-09-10 12:12:00',1),(16,6,'https://www.google.com.ua/','62ePm5','2018-09-10 12:12:00',1),(17,6,'https://www.google.com.ua/','91CHaM','2018-09-10 12:12:00',1),(18,6,'https://www.google.com.ua/','O4bqMn','2018-09-10 12:12:00',1),(19,6,'https://www.google.com.ua/','3kucgJ','2018-09-10 12:12:00',1),(20,6,'https://www.google.com.ua/','OboApt','2018-09-10 12:12:00',1),(21,6,'https://www.google.com.ua/','bpFhbQ','2018-09-10 12:12:00',1),(22,6,'https://www.google.com.ua/','gR6tP5','2018-09-10 12:12:00',1),(23,6,'https://www.google.com.ua/','Y1Qcmh','2018-09-10 12:12:00',1),(24,6,'https://www.google.com.ua/','36RU9Q','2018-09-10 12:12:00',1),(25,6,'https://www.google.com.ua/','dIoyHC','2018-09-10 12:12:00',1),(26,6,'https://www.google.com.ua/','13FKyx','2018-09-10 12:12:00',1),(27,6,'https://www.google.com.ua/','OoaWSo','2018-09-10 12:12:00',1),(28,6,'https://www.google.com.ua/','VTDkyQ','2018-09-10 12:12:00',1),(29,6,'https://www.google.com.ua/','ORJYao','2018-09-10 12:12:00',1),(30,6,'https://www.google.com.ua/','crUzqI','2018-09-10 12:12:00',1),(31,6,'https://www.google.com.ua/','H8JXaV','2018-09-10 12:12:00',1),(32,6,'https://www.google.com.ua/','a1QTIk','2018-09-10 12:12:00',1),(33,6,'https://www.google.com.ua/','lP9vl5','2018-09-10 12:12:00',1),(34,6,'https://www.google.com.ua/','rVvc13','2018-09-10 12:12:00',1),(35,6,'https://www.google.com.ua/','uhyZuF','2018-09-10 12:12:00',1),(36,6,'https://www.google.com.ua/','NXb6iZ','2018-09-10 12:12:00',1),(37,6,'https://www.google.com.ua/','MJdkTr','2018-09-10 12:12:00',1),(38,6,'https://www.google.com.ua/','UmcWTw','2018-09-10 12:12:00',1),(39,6,'https://www.google.com.ua/','PZdr5W','2018-09-10 12:12:00',1),(40,6,'https://www.google.com.ua/','f7R0j1','2018-09-10 12:12:00',1),(41,6,'https://www.google.com.ua/','Sa5bRx','2018-09-10 12:12:00',1),(42,6,'https://www.google.com.ua/','cPcop2','2018-09-10 12:12:00',1),(43,6,'https://www.google.com.ua/','L0u4pa','2018-09-10 12:12:00',1),(44,6,'https://www.google.com.ua/','WVG9bA','2018-09-10 12:12:00',1),(45,6,'https://www.google.com.ua/','EE1KZz','2018-09-10 12:12:00',1),(46,6,'https://www.google.com.ua/','UX4koY','2018-09-10 12:12:00',1),(47,6,'https://www.google.com.ua/','haU3Ol','2018-09-10 12:12:00',1),(48,6,'https://www.google.com.ua/','iOIThK','2018-09-10 12:12:00',1),(49,6,'https://www.google.com.ua/','QYtonu','2018-09-10 12:12:00',1),(50,6,'https://www.google.com.ua/','1y3u8u','2018-09-10 12:12:00',1),(51,6,'https://www.google.com.ua/','WDTCAJ','2018-09-10 12:12:00',1),(52,6,'https://www.google.com.ua/','VRPRto','2018-09-10 12:12:00',1),(53,6,'https://www.google.com.ua/','aFBnbV','2018-09-10 12:12:00',1),(54,6,'https://www.google.com.ua/','3Wb7Tq','2018-09-10 12:12:00',1),(55,6,'https://www.google.com.ua/','JHjgsz','2018-09-10 12:12:00',1),(56,6,'https://www.google.com.ua/','4gx0mJ','2018-09-10 12:12:00',1),(57,6,'https://www.google.com.ua/','B74ANw','2018-09-10 12:12:00',1),(58,6,'https://www.google.com.ua/','dpHw3k','2018-09-10 12:12:00',1),(59,6,'https://www.google.com.ua/','XATbVL','2018-09-10 12:12:00',1),(60,6,'https://www.google.com.ua/','D81M72','2018-09-10 12:12:00',1),(61,6,'https://www.google.com.ua/','irRLGJ','2018-09-10 12:12:00',1),(62,6,'https://www.google.com.ua/','QOgqxc','2018-09-10 12:12:00',1),(63,6,'https://www.google.com.ua/','ctDE1u','2018-09-10 12:12:00',1),(64,6,'https://www.google.com.ua/','5R1B6O','2018-09-10 12:12:00',1),(65,6,'https://www.google.com.ua/','rGV73S','2018-09-10 12:12:00',1),(66,6,'https://www.google.com.ua/','T8z4Er','2018-09-10 12:12:00',1),(67,6,'https://www.google.com.ua/','Iz0Wgl','2018-09-10 12:12:00',1),(68,6,'https://www.google.com.ua/','vBq39M','2018-09-10 12:12:00',1),(69,6,'https://www.google.com.ua/','8YY5VE','2018-09-10 12:12:00',1),(70,6,'https://www.google.com.ua/','BhHaBX','2018-09-10 12:12:00',1),(71,6,'https://www.google.com.ua/','L7OiDO','2018-09-10 12:12:00',1),(72,6,'https://www.google.com.ua/','6j4uNY','2018-09-10 12:12:00',1),(73,6,'https://www.google.com.ua/','aIhASj','2018-09-10 12:12:00',1),(74,6,'https://www.google.com.ua/','m1WF3m','2018-09-10 12:12:00',1),(75,6,'https://www.google.com.ua/','nKANbt','2018-09-10 12:12:00',1),(76,6,'https://www.google.com.ua/','yNoOMt','2018-09-10 12:12:00',1),(77,6,'https://www.google.com.ua/','ZCoshr','2018-09-10 12:12:00',1),(78,6,'https://www.google.com.ua/','KhbUR4','2018-09-10 12:12:00',1),(79,6,'https://www.google.com.ua/','UcP8hN','2018-09-10 12:12:00',1),(80,6,'https://www.google.com.ua/','oYL6kb','2018-09-10 12:12:00',1),(81,6,'https://www.google.com.ua/','KC4uqo','2018-09-10 12:12:00',1),(82,6,'https://www.google.com.ua/','xif9Zq','2018-09-10 12:12:00',1),(83,6,'https://www.google.com.ua/','NDw6Tg','2018-09-10 12:12:00',1),(84,6,'https://www.google.com.ua/','0PtPHJ','2018-09-10 12:12:00',1),(85,6,'https://www.google.com.ua/','J1STxL','2018-09-10 12:12:00',1),(86,6,'https://www.google.com.ua/','im8z6r','2018-09-10 12:12:00',1),(87,6,'https://www.google.com.ua/','0C9Psz','2018-09-10 12:12:00',1),(88,6,'https://www.google.com.ua/','YedfLN','2018-09-10 12:12:00',1),(89,6,'https://www.google.com.ua/','pO1uss','2018-09-10 12:12:00',1),(90,6,'https://www.google.com.ua/','iUolXf','2018-09-10 12:12:00',1),(91,6,'https://www.google.com.ua/','frMity','2018-09-10 12:12:00',1),(92,6,'https://www.google.com.ua/','1Aqinp','2018-09-10 12:12:00',1),(93,6,'https://www.google.com.ua/','CTJUwL','2018-09-10 12:12:00',1),(94,6,'https://www.google.com.ua/','lD1VZO','2018-09-10 12:12:00',1),(95,6,'https://www.google.com.ua/','ozVx0E','2018-09-10 12:12:00',1),(96,6,'https://www.google.com.ua/','MoCSL2','2018-09-10 12:12:00',1),(97,6,'https://www.google.com.ua/','GpPN4N','2018-09-10 12:12:00',1),(98,6,'https://www.google.com.ua/','RySlXR','2018-09-10 12:12:00',1),(99,6,'https://www.google.com.ua/','0bnDWc','2018-09-10 12:12:00',1),(100,6,'https://www.google.com.ua/','HSIgPj','2018-09-10 12:12:00',0),(101,6,'tes.com','bnhkti','2018-09-15 21:34:00',1),(102,6,'wwew','dSctrs','2018-09-06 20:12:00',1),(103,6,'rrr','CKfiJw',NULL,0),(104,6,'h','o5rKlf',NULL,1),(105,6,'fr','pdO8wH',NULL,1),(106,6,'ee1','g3ICMl',NULL,0),(116,4,'https://www.mockaroo.com/','hIsdqF',NULL,1);
/*!40000 ALTER TABLE `link` ENABLE KEYS */;
UNLOCK TABLES;

--
-- Table structure for table `user`
--

DROP TABLE IF EXISTS `user`;
/*!40101 SET @saved_cs_client     = @@character_set_client */;
/*!40101 SET character_set_client = utf8 */;
CREATE TABLE `user` (
  `id` int(11) NOT NULL AUTO_INCREMENT,
  `email` varchar(255) COLLATE utf8_unicode_ci NOT NULL,
  `password` varchar(255) COLLATE utf8_unicode_ci NOT NULL,
  `roles` longtext COLLATE utf8_unicode_ci NOT NULL COMMENT '(DC2Type:json_array)',
  PRIMARY KEY (`id`),
  UNIQUE KEY `UNIQ_8D93D649E7927C74` (`email`)
) ENGINE=InnoDB AUTO_INCREMENT=7 DEFAULT CHARSET=utf8 COLLATE=utf8_unicode_ci;
/*!40101 SET character_set_client = @saved_cs_client */;

--
-- Dumping data for table `user`
--

LOCK TABLES `user` WRITE;
/*!40000 ALTER TABLE `user` DISABLE KEYS */;
INSERT INTO `user` VALUES (4,'user2@user2','$2y$13$D/R8BTVAdktZbD8caEfEQOxgpfPPq4F5fwghkDrw1a9kPStFBGJM2','[\"ROLE_USER\"]'),(6,'admin@admin','$2y$13$EIUahc1DmG/INdx71sNw1u32MLU4ygEuFyYBV/3qKHjtFZGH1Mue6','[\"ROLE_USER\",\"ROLE_ADMIN\"]');
/*!40000 ALTER TABLE `user` ENABLE KEYS */;
UNLOCK TABLES;

--
-- Table structure for table `visit`
--

DROP TABLE IF EXISTS `visit`;
/*!40101 SET @saved_cs_client     = @@character_set_client */;
/*!40101 SET character_set_client = utf8 */;
CREATE TABLE `visit` (
  `id` int(11) NOT NULL AUTO_INCREMENT,
  `link_id` int(11) DEFAULT NULL,
  `ip_address` varchar(255) COLLATE utf8_unicode_ci NOT NULL,
  `browser` varchar(255) COLLATE utf8_unicode_ci NOT NULL,
  `date` datetime NOT NULL,
  PRIMARY KEY (`id`),
  KEY `IDX_437EE939ADA40271` (`link_id`),
  CONSTRAINT `FK_437EE939ADA40271` FOREIGN KEY (`link_id`) REFERENCES `link` (`id`) ON DELETE CASCADE
) ENGINE=InnoDB AUTO_INCREMENT=504 DEFAULT CHARSET=utf8 COLLATE=utf8_unicode_ci;
/*!40101 SET character_set_client = @saved_cs_client */;

--
-- Dumping data for table `visit`
--

LOCK TABLES `visit` WRITE;
/*!40000 ALTER TABLE `visit` DISABLE KEYS */;
INSERT INTO `visit` VALUES (1,98,'127.0.0.1','Google Chrome 68.0.3440.106','2018-09-10 03:58:29'),(2,97,'127.0.0.1','Google Chrome 68.0.3440.106','2018-09-10 03:59:10'),(3,97,'127.0.0.1','Google Chrome 68.0.3440.106','2018-09-10 03:59:23'),(4,69,'11.139.144.138','Plymouth','2018-09-11 18:24:11'),(5,81,'155.119.83.77','Nissan','2018-09-10 22:10:52'),(6,72,'119.94.233.254','Chevrolet','2018-09-11 03:06:55'),(7,4,'152.211.147.160','Kia','2018-09-10 09:35:37'),(8,19,'59.201.126.231','Ford','2018-09-11 10:35:33'),(9,95,'98.197.255.163','Volkswagen','2018-09-10 04:31:35'),(10,62,'44.93.229.32','Oldsmobile','2018-09-10 18:40:45'),(11,47,'174.193.248.55','Buick','2018-09-11 22:34:08'),(12,75,'115.128.23.155','Mercedes-Benz','2018-09-10 05:45:53'),(13,78,'104.116.173.136','Toyota','2018-09-11 12:49:31'),(14,23,'45.34.152.249','Lincoln','2018-09-10 04:20:10'),(15,26,'239.219.207.144','Land Rover','2018-09-11 23:59:01'),(16,5,'105.140.78.117','Dodge','2018-09-10 13:43:48'),(17,40,'154.77.169.217','Dodge','2018-09-10 06:16:06'),(18,24,'197.135.161.2','Nissan','2018-09-10 00:18:19'),(19,24,'138.129.147.238','Maserati','2018-09-11 08:10:39'),(20,4,'63.224.160.74','Volvo','2018-09-10 21:43:53'),(21,4,'160.103.84.125','Cadillac','2018-09-11 06:20:49'),(22,61,'168.85.106.163','Volkswagen','2018-09-10 11:34:17'),(23,62,'14.3.248.247','Subaru','2018-09-11 00:45:06'),(24,87,'10.44.17.100','Chevrolet','2018-09-10 00:44:34'),(25,84,'191.96.108.50','Volvo','2018-09-11 15:41:01'),(26,16,'173.30.110.245','Toyota','2018-09-10 09:46:10'),(27,21,'48.211.244.241','Chrysler','2018-09-10 05:42:02'),(28,93,'49.11.38.49','Lotus','2018-09-11 00:04:15'),(29,89,'94.247.112.246','Nissan','2018-09-10 00:54:00'),(30,52,'231.141.228.132','Mercedes-Benz','2018-09-10 07:53:22'),(31,98,'80.231.210.189','Volkswagen','2018-09-10 21:31:01'),(32,39,'108.96.30.64','Ford','2018-09-11 23:46:45'),(33,94,'252.70.200.253','Saturn','2018-09-11 07:44:50'),(34,7,'10.233.157.231','Chevrolet','2018-09-10 16:03:27'),(35,36,'119.169.191.160','Jeep','2018-09-11 22:23:23'),(36,54,'169.225.0.173','Chevrolet','2018-09-11 06:52:45'),(37,27,'194.3.163.152','Infiniti','2018-09-10 12:22:18'),(38,49,'54.3.238.110','Pontiac','2018-09-10 08:05:59'),(39,49,'236.121.138.31','Pontiac','2018-09-11 23:49:33'),(40,70,'141.252.244.178','Buick','2018-09-11 11:07:36'),(41,8,'97.207.146.29','Chevrolet','2018-09-10 22:47:22'),(42,36,'92.218.21.55','Ford','2018-09-10 01:10:52'),(43,25,'151.85.11.203','Nissan','2018-09-10 22:51:15'),(44,46,'102.20.253.115','GMC','2018-09-11 16:43:43'),(45,20,'193.78.169.159','BMW','2018-09-11 20:23:03'),(46,50,'25.200.252.16','Dodge','2018-09-11 07:41:21'),(47,36,'25.193.126.176','Bentley','2018-09-10 04:14:34'),(48,70,'122.218.67.55','Ford','2018-09-11 11:00:41'),(49,55,'74.217.149.184','Ford','2018-09-11 08:41:04'),(50,88,'188.226.1.162','Mitsubishi','2018-09-10 12:34:12'),(51,58,'180.70.247.69','Buick','2018-09-10 21:31:10'),(52,40,'169.31.214.11','Infiniti','2018-09-11 04:29:00'),(53,93,'233.241.178.246','Mercury','2018-09-10 09:16:48'),(54,39,'255.128.120.38','Eagle','2018-09-10 01:34:53'),(55,9,'254.102.152.51','Cadillac','2018-09-11 16:10:11'),(56,25,'17.212.192.157','BMW','2018-09-10 22:20:49'),(57,96,'15.192.143.187','GMC','2018-09-10 16:13:22'),(58,85,'41.39.81.231','BMW','2018-09-11 13:39:15'),(59,95,'64.191.48.239','BMW','2018-09-10 11:07:32'),(60,92,'243.197.28.188','Buick','2018-09-11 23:09:58'),(61,43,'235.156.203.167','Volkswagen','2018-09-10 15:21:08'),(62,56,'4.182.232.195','GMC','2018-09-10 04:20:32'),(63,73,'39.65.74.231','Ford','2018-09-11 12:08:59'),(64,80,'28.244.24.197','Ford','2018-09-11 06:12:12'),(65,4,'114.134.58.190','Dodge','2018-09-10 07:56:03'),(66,24,'87.217.152.27','Toyota','2018-09-10 20:51:36'),(67,27,'121.249.190.72','Porsche','2018-09-10 11:47:15'),(68,5,'157.225.173.47','Subaru','2018-09-11 13:14:25'),(69,71,'253.7.227.47','Suzuki','2018-09-10 16:45:37'),(70,36,'28.115.66.176','Toyota','2018-09-10 23:48:23'),(71,58,'206.60.38.92','Honda','2018-09-11 23:46:43'),(72,27,'217.13.57.62','Mazda','2018-09-10 02:49:04'),(73,45,'193.170.67.14','Ferrari','2018-09-10 13:32:28'),(74,38,'4.15.53.80','Mercedes-Benz','2018-09-11 22:02:04'),(75,89,'188.92.198.176','Chevrolet','2018-09-10 20:07:00'),(76,19,'69.217.115.153','Hyundai','2018-09-10 15:17:09'),(77,12,'203.188.171.207','GMC','2018-09-11 06:52:35'),(78,100,'63.71.31.219','Subaru','2018-09-11 20:40:53'),(79,47,'141.129.196.249','Pontiac','2018-09-10 23:52:22'),(80,54,'124.194.252.204','GMC','2018-09-11 02:01:15'),(81,23,'160.195.43.110','Audi','2018-09-10 10:04:24'),(82,34,'170.223.152.29','Saturn','2018-09-11 14:53:36'),(83,61,'159.68.145.113','Suzuki','2018-09-10 21:20:51'),(84,3,'111.226.93.48','Volvo','2018-09-11 17:09:31'),(85,100,'88.203.0.177','Lexus','2018-09-11 04:38:23'),(86,93,'120.215.215.173','Lexus','2018-09-10 10:44:39'),(87,21,'11.53.245.118','GMC','2018-09-11 03:45:13'),(88,51,'4.161.17.96','Dodge','2018-09-10 17:52:23'),(89,18,'236.222.97.253','Ford','2018-09-10 15:37:08'),(90,32,'158.96.170.186','Chrysler','2018-09-11 13:08:18'),(91,7,'49.207.179.182','Mercury','2018-09-10 18:53:27'),(92,2,'198.248.30.2','Buick','2018-09-10 03:24:58'),(93,28,'158.91.200.1','Ford','2018-09-11 15:46:27'),(94,39,'99.200.6.163','Chevrolet','2018-09-11 05:24:45'),(95,54,'109.75.222.153','Oldsmobile','2018-09-10 06:23:26'),(96,3,'159.9.89.38','Ford','2018-09-11 08:33:29'),(97,51,'178.132.118.239','Mazda','2018-09-10 09:36:34'),(98,20,'3.144.11.219','BMW','2018-09-10 04:25:31'),(99,57,'6.196.132.236','Saab','2018-09-10 06:36:22'),(100,26,'162.109.97.52','Honda','2018-09-11 23:22:29'),(101,57,'195.231.24.218','Jaguar','2018-09-10 03:58:18'),(102,83,'57.230.20.159','Pontiac','2018-09-11 10:02:38'),(103,16,'207.47.230.208','Audi','2018-09-11 23:49:43'),(104,45,'15.209.43.164','Subaru','2018-09-11 08:11:04'),(105,82,'249.60.249.125','BMW','2018-09-10 07:34:10'),(106,6,'112.134.109.192','Shelby','2018-09-11 00:21:20'),(107,35,'2.27.249.238','Mercury','2018-09-10 14:50:52'),(108,38,'211.74.46.115','Chevrolet','2018-09-11 01:26:38'),(109,7,'190.190.253.165','Mazda','2018-09-10 22:50:40'),(110,68,'16.131.9.48','Pontiac','2018-09-10 04:12:18'),(111,18,'246.145.215.88','Oldsmobile','2018-09-11 14:47:12'),(112,63,'174.83.149.116','Pontiac','2018-09-11 17:59:48'),(113,93,'165.46.204.122','Chevrolet','2018-09-11 04:44:42'),(114,10,'248.149.16.240','Volvo','2018-09-11 16:51:34'),(115,8,'134.183.146.132','Chrysler','2018-09-11 13:11:39'),(116,64,'100.80.238.150','Toyota','2018-09-11 13:11:45'),(117,94,'252.77.234.109','Chevrolet','2018-09-11 04:05:14'),(118,89,'53.169.66.51','Hyundai','2018-09-11 23:04:18'),(119,28,'237.3.14.119','Geo','2018-09-11 07:59:35'),(120,53,'183.100.118.76','Chevrolet','2018-09-11 13:20:33'),(121,3,'174.241.180.63','Mazda','2018-09-10 09:53:57'),(122,69,'7.29.34.48','Mercedes-Benz','2018-09-11 17:26:13'),(123,96,'248.66.226.101','Jaguar','2018-09-10 22:56:32'),(124,15,'85.126.125.94','Mercedes-Benz','2018-09-10 22:32:30'),(125,49,'217.180.133.129','Hyundai','2018-09-11 12:22:41'),(126,96,'246.58.222.100','Aston Martin','2018-09-11 03:15:52'),(127,59,'106.197.231.63','BMW','2018-09-11 04:17:28'),(128,5,'206.180.0.67','Nissan','2018-09-11 01:00:44'),(129,76,'118.252.187.181','Ford','2018-09-11 11:59:28'),(130,6,'203.168.56.153','Mitsubishi','2018-09-11 20:07:29'),(131,66,'100.181.102.163','Pontiac','2018-09-10 09:54:01'),(132,17,'30.250.33.158','Volkswagen','2018-09-11 23:02:28'),(133,6,'237.9.194.120','Mitsubishi','2018-09-11 06:47:21'),(134,45,'86.241.1.225','Ford','2018-09-11 14:45:24'),(135,89,'25.178.218.42','Mazda','2018-09-11 03:17:50'),(136,48,'206.209.140.200','GMC','2018-09-11 12:31:57'),(137,10,'213.105.228.235','Mitsubishi','2018-09-11 06:51:14'),(138,84,'253.122.4.181','Plymouth','2018-09-11 12:00:53'),(139,61,'182.187.80.194','Mercury','2018-09-11 00:25:01'),(140,11,'38.65.25.4','Land Rover','2018-09-11 16:36:34'),(141,36,'134.30.28.245','Lexus','2018-09-10 11:42:54'),(142,95,'96.230.202.204','Toyota','2018-09-11 22:24:24'),(143,84,'146.160.173.95','Smart','2018-09-11 16:47:36'),(144,25,'224.219.253.127','Volvo','2018-09-10 04:33:49'),(145,53,'91.85.132.113','Subaru','2018-09-10 20:16:28'),(146,98,'146.95.244.166','Toyota','2018-09-11 03:50:21'),(147,76,'29.33.66.110','Ford','2018-09-10 11:06:32'),(148,64,'230.95.159.135','Land Rover','2018-09-10 08:12:53'),(149,32,'254.18.153.236','Lincoln','2018-09-10 07:40:01'),(150,29,'163.235.78.53','Bentley','2018-09-10 06:56:27'),(151,49,'28.238.55.141','Dodge','2018-09-11 21:45:46'),(152,70,'234.108.144.137','Acura','2018-09-10 01:51:04'),(153,99,'234.108.206.166','Honda','2018-09-11 19:57:03'),(154,56,'100.210.171.93','Lincoln','2018-09-11 07:34:32'),(155,72,'80.114.127.72','Buick','2018-09-11 09:00:13'),(156,24,'46.147.116.109','Pontiac','2018-09-11 23:14:32'),(157,26,'18.58.77.7','Pontiac','2018-09-10 20:59:13'),(158,21,'210.254.70.230','Chrysler','2018-09-10 00:48:12'),(159,42,'130.43.205.223','Lexus','2018-09-10 01:08:39'),(160,6,'206.91.107.24','Ford','2018-09-11 22:01:12'),(161,74,'179.151.207.16','Pontiac','2018-09-11 01:38:41'),(162,7,'172.131.121.68','GMC','2018-09-10 02:16:28'),(163,41,'68.137.194.145','Volkswagen','2018-09-10 17:10:28'),(164,34,'195.150.230.136','Mitsubishi','2018-09-10 09:31:09'),(165,81,'180.137.124.98','Nissan','2018-09-11 03:51:05'),(166,36,'211.102.219.228','Geo','2018-09-10 11:50:42'),(167,42,'0.233.225.236','Kia','2018-09-10 20:40:58'),(168,63,'67.148.194.48','Mercury','2018-09-10 03:52:36'),(169,1,'234.74.217.223','Chevrolet','2018-09-11 09:16:21'),(170,5,'8.105.184.181','Pontiac','2018-09-10 13:59:21'),(171,99,'239.147.81.101','Chevrolet','2018-09-11 15:24:37'),(172,32,'184.111.70.30','Nissan','2018-09-10 19:46:00'),(173,94,'190.51.8.101','Suzuki','2018-09-11 01:20:42'),(174,3,'7.119.60.125','GMC','2018-09-11 18:43:59'),(175,9,'42.0.81.126','Infiniti','2018-09-11 22:25:35'),(176,100,'80.145.87.106','Ford','2018-09-11 23:01:21'),(177,70,'239.240.19.23','Maybach','2018-09-10 01:11:51'),(178,43,'105.121.2.162','Mitsubishi','2018-09-10 02:09:41'),(179,67,'11.70.182.0','Audi','2018-09-11 14:33:01'),(180,70,'39.250.112.224','Isuzu','2018-09-10 20:55:52'),(181,64,'106.104.177.228','Ford','2018-09-11 12:25:48'),(182,63,'120.130.239.29','Dodge','2018-09-10 19:29:56'),(183,99,'39.116.238.61','GMC','2018-09-11 14:47:57'),(184,66,'139.39.117.243','Subaru','2018-09-11 10:33:55'),(185,61,'156.161.90.169','Mazda','2018-09-10 11:46:26'),(186,84,'249.78.178.224','Saturn','2018-09-10 08:36:08'),(187,81,'195.187.134.49','Ford','2018-09-10 22:01:21'),(188,27,'160.14.104.60','Mitsubishi','2018-09-10 21:40:16'),(189,98,'50.166.91.23','Mitsubishi','2018-09-11 09:29:35'),(190,36,'130.83.221.6','Maserati','2018-09-10 11:23:36'),(191,36,'94.162.209.186','Kia','2018-09-10 16:43:48'),(192,63,'193.208.40.23','Mercedes-Benz','2018-09-11 14:17:29'),(193,73,'4.137.86.28','Fillmore','2018-09-10 03:52:58'),(194,79,'76.247.242.173','Honda','2018-09-11 08:28:51'),(195,40,'94.48.18.24','Dodge','2018-09-10 17:47:35'),(196,21,'86.229.141.0','Nissan','2018-09-11 02:33:54'),(197,17,'145.28.231.164','Ford','2018-09-10 11:42:00'),(198,35,'230.154.123.67','Honda','2018-09-10 21:28:29'),(199,11,'202.80.16.160','Pontiac','2018-09-11 06:58:34'),(200,40,'69.35.148.50','Isuzu','2018-09-10 01:39:35'),(201,8,'15.223.175.66','GMC','2018-09-11 09:20:40'),(202,77,'177.162.53.144','Chevrolet','2018-09-10 03:33:31'),(203,53,'96.209.186.156','BMW','2018-09-11 11:30:50'),(204,13,'34.219.158.225','Buick','2018-09-10 06:06:20'),(205,97,'7.221.162.237','Pontiac','2018-09-10 10:23:37'),(206,64,'103.45.99.98','Buick','2018-09-10 17:57:39'),(207,88,'40.208.243.228','Nissan','2018-09-11 21:02:54'),(208,81,'100.179.41.254','Chevrolet','2018-09-11 15:32:34'),(209,66,'70.68.213.144','Oldsmobile','2018-09-10 10:04:54'),(210,36,'219.224.187.251','Mazda','2018-09-11 11:36:04'),(211,14,'255.21.23.249','Buick','2018-09-11 04:21:50'),(212,99,'155.155.61.73','Mercury','2018-09-11 23:25:18'),(213,18,'96.242.89.23','Nissan','2018-09-10 22:16:00'),(214,43,'169.72.0.116','Mitsubishi','2018-09-11 09:14:16'),(215,83,'185.128.52.122','Mercedes-Benz','2018-09-10 12:12:37'),(216,82,'20.196.138.152','Dodge','2018-09-11 14:31:01'),(217,41,'221.195.210.61','Plymouth','2018-09-10 11:23:24'),(218,80,'200.239.136.55','BMW','2018-09-11 21:44:53'),(219,87,'101.81.112.15','Buick','2018-09-10 08:21:29'),(220,89,'58.94.34.34','GMC','2018-09-11 19:20:26'),(221,99,'167.235.224.143','Aston Martin','2018-09-11 10:13:08'),(222,81,'61.193.191.74','Toyota','2018-09-11 13:39:28'),(223,95,'63.39.228.176','Oldsmobile','2018-09-10 13:00:51'),(224,29,'83.141.201.9','Scion','2018-09-10 22:30:17'),(225,33,'18.12.98.70','Saab','2018-09-11 18:49:54'),(226,12,'174.1.131.70','Land Rover','2018-09-10 11:55:49'),(227,37,'57.231.141.141','Pontiac','2018-09-10 01:50:49'),(228,81,'69.96.28.187','GMC','2018-09-11 07:24:24'),(229,91,'26.225.90.158','Lexus','2018-09-10 04:38:49'),(230,63,'104.133.245.103','Chevrolet','2018-09-11 07:11:05'),(231,60,'31.64.49.150','Buick','2018-09-11 23:08:52'),(232,42,'60.28.175.119','Toyota','2018-09-10 19:47:18'),(233,18,'9.234.7.29','Spyker','2018-09-11 01:57:24'),(234,39,'140.74.3.249','Buick','2018-09-11 02:45:47'),(235,70,'77.12.9.133','Cadillac','2018-09-11 05:47:52'),(236,45,'158.132.13.226','Chevrolet','2018-09-11 12:23:56'),(237,81,'190.157.153.67','Acura','2018-09-10 16:45:06'),(238,70,'127.17.28.74','BMW','2018-09-10 05:19:44'),(239,23,'123.249.21.92','Ford','2018-09-10 11:05:48'),(240,86,'205.51.96.146','Ford','2018-09-11 07:26:53'),(241,99,'181.191.106.248','Ford','2018-09-11 16:59:32'),(242,59,'172.171.88.148','GMC','2018-09-10 19:50:42'),(243,47,'247.226.118.4','Volkswagen','2018-09-11 23:59:55'),(244,3,'205.239.152.23','Chevrolet','2018-09-10 16:33:49'),(245,64,'245.98.136.187','Toyota','2018-09-10 21:34:38'),(246,45,'117.199.180.16','Kia','2018-09-10 05:27:02'),(247,47,'10.242.207.112','Buick','2018-09-10 16:41:05'),(248,35,'90.34.96.173','Volvo','2018-09-10 11:29:06'),(249,41,'240.96.31.79','Chevrolet','2018-09-11 04:34:02'),(250,80,'240.129.181.85','Suzuki','2018-09-10 14:57:35'),(251,62,'250.9.8.136','Ford','2018-09-11 22:11:46'),(252,25,'15.150.180.221','Volvo','2018-09-11 01:07:53'),(253,10,'253.27.56.166','Ford','2018-09-11 05:58:20'),(254,37,'178.102.250.151','Buick','2018-09-10 05:25:05'),(255,74,'18.115.171.206','Buick','2018-09-11 07:44:41'),(256,28,'144.244.68.204','Ford','2018-09-11 21:42:43'),(257,24,'86.245.144.232','Nissan','2018-09-10 01:16:11'),(258,13,'210.67.146.74','Ford','2018-09-11 16:26:39'),(259,92,'159.106.208.236','Chevrolet','2018-09-11 09:14:40'),(260,22,'188.18.193.236','Maybach','2018-09-11 11:16:07'),(261,30,'86.193.17.101','Toyota','2018-09-10 14:30:17'),(262,14,'16.56.210.146','Mazda','2018-09-11 09:46:43'),(263,87,'149.175.78.186','Mitsubishi','2018-09-10 04:02:05'),(264,97,'138.27.70.72','Lotus','2018-09-11 12:41:31'),(265,56,'89.91.101.50','Hyundai','2018-09-10 05:38:44'),(266,27,'36.219.211.186','Toyota','2018-09-10 18:44:02'),(267,25,'173.191.63.226','GMC','2018-09-11 21:09:40'),(268,55,'20.203.7.115','Cadillac','2018-09-10 19:53:14'),(269,74,'212.65.113.217','Volkswagen','2018-09-11 12:49:16'),(270,5,'78.160.185.202','Ford','2018-09-10 08:23:12'),(271,76,'14.207.27.1','Dodge','2018-09-11 15:22:33'),(272,79,'195.153.199.90','Mercedes-Benz','2018-09-11 03:34:23'),(273,25,'43.99.97.156','BMW','2018-09-10 16:02:49'),(274,52,'26.145.77.244','Jaguar','2018-09-10 02:07:08'),(275,1,'2.17.250.180','Mazda','2018-09-11 13:47:06'),(276,15,'150.169.56.220','Eagle','2018-09-10 12:04:08'),(277,53,'99.242.178.185','Chrysler','2018-09-10 14:10:02'),(278,71,'192.131.75.7','Audi','2018-09-10 21:26:49'),(279,26,'195.41.64.68','Honda','2018-09-11 23:05:03'),(280,66,'247.158.208.152','Hyundai','2018-09-10 15:59:09'),(281,95,'25.40.132.149','Jaguar','2018-09-11 02:14:52'),(282,15,'50.185.69.108','Lexus','2018-09-11 05:17:00'),(283,100,'148.225.237.217','Honda','2018-09-10 22:03:05'),(284,11,'33.188.0.252','Dodge','2018-09-10 11:16:05'),(285,36,'38.59.104.17','Chevrolet','2018-09-11 19:52:06'),(286,81,'8.91.37.198','Honda','2018-09-11 12:42:35'),(287,54,'100.205.193.133','Mitsubishi','2018-09-10 12:43:58'),(288,30,'241.183.193.227','Dodge','2018-09-10 08:06:59'),(289,89,'97.212.66.150','Lexus','2018-09-11 00:56:40'),(290,69,'88.247.195.223','Mitsubishi','2018-09-10 02:36:15'),(291,90,'251.174.61.54','Ferrari','2018-09-11 09:49:09'),(292,83,'102.131.180.10','Mercury','2018-09-11 07:13:28'),(293,86,'209.135.134.189','GMC','2018-09-10 03:01:26'),(294,67,'254.36.8.79','Volkswagen','2018-09-11 18:11:22'),(295,75,'147.0.243.124','Ford','2018-09-10 01:09:30'),(296,21,'27.117.124.98','Chevrolet','2018-09-10 06:25:46'),(297,70,'109.113.120.244','Lincoln','2018-09-10 13:47:14'),(298,9,'10.242.228.101','Audi','2018-09-11 23:47:58'),(299,24,'117.232.252.34','Infiniti','2018-09-11 07:35:03'),(300,40,'233.236.120.241','BMW','2018-09-11 10:02:49'),(301,87,'252.158.52.11','Nissan','2018-09-10 05:58:24'),(302,44,'104.108.118.67','Toyota','2018-09-11 20:20:38'),(303,33,'34.170.204.232','Hummer','2018-09-10 15:47:46'),(304,80,'74.212.124.248','Land Rover','2018-09-10 15:19:47'),(305,94,'88.17.12.106','Mercury','2018-09-10 16:48:17'),(306,90,'233.164.123.252','Infiniti','2018-09-10 10:25:33'),(307,98,'211.119.217.130','Maserati','2018-09-10 00:36:27'),(308,65,'40.25.86.248','Isuzu','2018-09-10 11:32:43'),(309,2,'210.230.149.96','Mitsubishi','2018-09-10 20:18:36'),(310,11,'243.200.50.225','Buick','2018-09-10 12:28:40'),(311,38,'121.4.9.145','Isuzu','2018-09-11 07:28:08'),(312,1,'34.41.103.194','Nissan','2018-09-10 11:03:42'),(313,57,'168.86.80.175','Pontiac','2018-09-11 16:09:59'),(314,9,'208.115.224.200','Ferrari','2018-09-11 10:25:54'),(315,1,'53.96.164.222','Plymouth','2018-09-11 05:46:14'),(316,49,'14.31.53.197','Mazda','2018-09-11 23:01:48'),(317,46,'207.142.253.58','GMC','2018-09-10 21:24:34'),(318,100,'78.184.138.59','Kia','2018-09-10 23:55:29'),(319,65,'82.47.13.212','Chevrolet','2018-09-11 03:09:10'),(320,13,'12.46.207.186','Daewoo','2018-09-10 17:57:05'),(321,20,'242.130.230.79','BMW','2018-09-10 03:04:29'),(322,28,'232.252.83.190','GMC','2018-09-11 14:58:34'),(323,31,'157.86.116.54','Chevrolet','2018-09-11 14:53:27'),(324,25,'112.200.235.213','Dodge','2018-09-10 00:41:42'),(325,71,'226.17.22.73','Nissan','2018-09-11 09:47:33'),(326,83,'241.238.183.129','Acura','2018-09-10 01:54:11'),(327,22,'165.224.102.194','Cadillac','2018-09-11 05:20:30'),(328,48,'95.129.192.231','Bentley','2018-09-11 11:16:32'),(329,3,'218.223.80.149','Ford','2018-09-10 22:16:31'),(330,84,'134.146.46.200','Lamborghini','2018-09-10 13:41:59'),(331,39,'90.25.157.107','Lincoln','2018-09-11 14:52:09'),(332,93,'171.47.216.122','Mazda','2018-09-10 11:47:30'),(333,77,'29.231.67.118','Mercury','2018-09-10 04:55:45'),(334,13,'113.16.118.221','Honda','2018-09-10 08:16:16'),(335,10,'2.62.183.57','Nissan','2018-09-10 08:25:46'),(336,38,'158.65.40.19','Toyota','2018-09-11 17:40:35'),(337,11,'17.78.40.24','Toyota','2018-09-10 20:34:29'),(338,65,'129.133.134.59','Isuzu','2018-09-11 23:27:37'),(339,41,'151.186.140.12','Toyota','2018-09-11 09:53:21'),(340,98,'20.240.79.56','Suzuki','2018-09-10 13:10:57'),(341,52,'52.84.251.13','Nissan','2018-09-10 09:04:35'),(342,28,'42.234.238.52','MINI','2018-09-11 12:02:01'),(343,46,'192.48.113.56','Oldsmobile','2018-09-10 05:27:10'),(344,5,'149.62.46.211','Cadillac','2018-09-10 11:13:38'),(345,86,'125.162.159.177','Eagle','2018-09-11 17:14:01'),(346,83,'187.221.91.41','Nissan','2018-09-11 19:32:15'),(347,63,'28.30.117.27','Ford','2018-09-11 23:38:40'),(348,97,'182.168.49.8','Mitsubishi','2018-09-10 08:13:05'),(349,55,'164.5.93.89','Buick','2018-09-11 10:10:02'),(350,92,'39.169.231.0','Daihatsu','2018-09-10 07:26:03'),(351,99,'49.216.98.121','Mazda','2018-09-11 02:23:06'),(352,96,'179.28.144.68','BMW','2018-09-10 04:35:23'),(353,75,'251.224.31.101','Land Rover','2018-09-10 22:20:14'),(354,89,'74.171.175.217','Ford','2018-09-11 19:19:59'),(355,70,'209.190.231.59','Chevrolet','2018-09-11 07:00:50'),(356,85,'166.49.97.206','Chevrolet','2018-09-10 21:42:39'),(357,97,'41.214.28.224','Buick','2018-09-10 08:06:53'),(358,79,'149.232.139.196','BMW','2018-09-10 02:05:27'),(359,17,'165.111.14.60','Mercedes-Benz','2018-09-10 23:55:20'),(360,95,'166.189.5.61','Jaguar','2018-09-11 17:51:43'),(361,5,'127.227.105.232','GMC','2018-09-10 01:48:31'),(362,89,'55.65.85.254','Oldsmobile','2018-09-10 18:25:55'),(363,63,'176.98.11.140','Oldsmobile','2018-09-10 15:45:13'),(364,18,'107.70.107.134','BMW','2018-09-10 08:52:52'),(365,27,'113.138.85.170','Chevrolet','2018-09-11 23:54:06'),(366,68,'142.57.156.187','Maybach','2018-09-10 01:12:56'),(367,81,'208.217.220.25','Dodge','2018-09-11 20:57:13'),(368,74,'209.86.191.231','Mercury','2018-09-11 06:32:50'),(369,70,'8.60.244.247','Volkswagen','2018-09-11 08:18:01'),(370,28,'0.19.65.120','Hyundai','2018-09-10 15:29:34'),(371,65,'129.48.166.72','GMC','2018-09-11 13:08:23'),(372,16,'90.75.75.210','Saab','2018-09-10 16:43:12'),(373,75,'14.13.187.138','Nissan','2018-09-10 13:37:55'),(374,70,'13.130.185.177','Land Rover','2018-09-10 04:16:08'),(375,63,'229.40.23.230','Mercedes-Benz','2018-09-10 03:25:06'),(376,2,'161.26.114.98','Plymouth','2018-09-11 07:59:58'),(377,57,'13.88.21.185','Ford','2018-09-11 07:49:37'),(378,81,'19.25.201.248','Ford','2018-09-10 19:01:18'),(379,14,'87.236.34.17','Toyota','2018-09-11 19:12:53'),(380,50,'141.34.30.70','Chrysler','2018-09-10 09:33:20'),(381,1,'230.119.13.213','Acura','2018-09-11 06:44:50'),(382,99,'30.165.160.106','Infiniti','2018-09-10 04:50:13'),(383,92,'161.114.70.119','Ferrari','2018-09-10 19:48:18'),(384,1,'12.163.92.165','Mercedes-Benz','2018-09-11 00:03:25'),(385,55,'247.97.168.59','Cadillac','2018-09-10 01:56:28'),(386,27,'123.186.81.63','Dodge','2018-09-11 17:36:27'),(387,50,'103.231.180.80','Oldsmobile','2018-09-10 00:48:08'),(388,86,'142.232.8.58','MINI','2018-09-10 18:17:07'),(389,75,'133.94.192.212','Chevrolet','2018-09-10 18:18:41'),(390,77,'224.198.135.8','Mazda','2018-09-11 03:28:58'),(391,51,'143.69.123.56','Volkswagen','2018-09-10 10:20:41'),(392,94,'66.54.124.228','Mercedes-Benz','2018-09-11 06:01:45'),(393,20,'193.73.164.74','Lincoln','2018-09-11 12:58:46'),(394,29,'183.141.5.210','GMC','2018-09-10 03:41:32'),(395,18,'250.83.141.223','Audi','2018-09-11 20:40:10'),(396,83,'235.227.53.155','Chevrolet','2018-09-10 14:06:11'),(397,47,'220.237.139.26','Kia','2018-09-11 18:13:57'),(398,11,'87.50.35.207','Infiniti','2018-09-11 21:48:44'),(399,59,'43.169.221.248','Lexus','2018-09-10 00:42:27'),(400,75,'135.100.248.39','Lexus','2018-09-11 03:04:34'),(401,81,'54.186.182.177','Ford','2018-09-10 20:35:58'),(402,44,'46.86.40.150','Land Rover','2018-09-10 22:55:25'),(403,10,'18.192.24.25','Land Rover','2018-09-10 22:29:35'),(404,80,'74.212.124.248','Land Rover','2018-09-10 15:19:47'),(405,94,'88.17.12.106','Mercury','2018-09-10 16:48:17'),(406,90,'233.164.123.252','Infiniti','2018-09-10 10:25:33'),(407,98,'211.119.217.130','Maserati','2018-09-10 00:36:27'),(408,65,'40.25.86.248','Isuzu','2018-09-10 11:32:43'),(409,2,'210.230.149.96','Mitsubishi','2018-09-10 20:18:36'),(410,11,'243.200.50.225','Buick','2018-09-10 12:28:40'),(411,38,'121.4.9.145','Isuzu','2018-09-11 07:28:08'),(412,1,'34.41.103.194','Nissan','2018-09-10 11:03:42'),(413,57,'168.86.80.175','Pontiac','2018-09-11 16:09:59'),(414,9,'208.115.224.200','Ferrari','2018-09-11 10:25:54'),(415,1,'53.96.164.222','Plymouth','2018-09-11 05:46:14'),(416,49,'14.31.53.197','Mazda','2018-09-11 23:01:48'),(417,46,'207.142.253.58','GMC','2018-09-10 21:24:34'),(418,100,'78.184.138.59','Kia','2018-09-10 23:55:29'),(419,65,'82.47.13.212','Chevrolet','2018-09-11 03:09:10'),(420,13,'12.46.207.186','Daewoo','2018-09-10 17:57:05'),(421,20,'242.130.230.79','BMW','2018-09-10 03:04:29'),(422,28,'232.252.83.190','GMC','2018-09-11 14:58:34'),(423,31,'157.86.116.54','Chevrolet','2018-09-11 14:53:27'),(424,25,'112.200.235.213','Dodge','2018-09-10 00:41:42'),(425,71,'226.17.22.73','Nissan','2018-09-11 09:47:33'),(426,83,'241.238.183.129','Acura','2018-09-10 01:54:11'),(427,22,'165.224.102.194','Cadillac','2018-09-11 05:20:30'),(428,48,'95.129.192.231','Bentley','2018-09-11 11:16:32'),(429,3,'218.223.80.149','Ford','2018-09-10 22:16:31'),(430,84,'134.146.46.200','Lamborghini','2018-09-10 13:41:59'),(431,39,'90.25.157.107','Lincoln','2018-09-11 14:52:09'),(432,93,'171.47.216.122','Mazda','2018-09-10 11:47:30'),(433,77,'29.231.67.118','Mercury','2018-09-10 04:55:45'),(434,13,'113.16.118.221','Honda','2018-09-10 08:16:16'),(435,10,'2.62.183.57','Nissan','2018-09-10 08:25:46'),(436,38,'158.65.40.19','Toyota','2018-09-11 17:40:35'),(437,11,'17.78.40.24','Toyota','2018-09-10 20:34:29'),(438,65,'129.133.134.59','Isuzu','2018-09-11 23:27:37'),(439,41,'151.186.140.12','Toyota','2018-09-11 09:53:21'),(440,98,'20.240.79.56','Suzuki','2018-09-10 13:10:57'),(441,52,'52.84.251.13','Nissan','2018-09-10 09:04:35'),(442,28,'42.234.238.52','MINI','2018-09-11 12:02:01'),(443,46,'192.48.113.56','Oldsmobile','2018-09-10 05:27:10'),(444,5,'149.62.46.211','Cadillac','2018-09-10 11:13:38'),(445,86,'125.162.159.177','Eagle','2018-09-11 17:14:01'),(446,83,'187.221.91.41','Nissan','2018-09-11 19:32:15'),(447,63,'28.30.117.27','Ford','2018-09-11 23:38:40'),(448,97,'182.168.49.8','Mitsubishi','2018-09-10 08:13:05'),(449,55,'164.5.93.89','Buick','2018-09-11 10:10:02'),(450,92,'39.169.231.0','Daihatsu','2018-09-10 07:26:03'),(451,99,'49.216.98.121','Mazda','2018-09-11 02:23:06'),(452,96,'179.28.144.68','BMW','2018-09-10 04:35:23'),(453,75,'251.224.31.101','Land Rover','2018-09-10 22:20:14'),(454,89,'74.171.175.217','Ford','2018-09-11 19:19:59'),(455,70,'209.190.231.59','Chevrolet','2018-09-11 07:00:50'),(456,85,'166.49.97.206','Chevrolet','2018-09-10 21:42:39'),(457,97,'41.214.28.224','Buick','2018-09-10 08:06:53'),(458,79,'149.232.139.196','BMW','2018-09-10 02:05:27'),(459,17,'165.111.14.60','Mercedes-Benz','2018-09-10 23:55:20'),(460,95,'166.189.5.61','Jaguar','2018-09-11 17:51:43'),(461,5,'127.227.105.232','GMC','2018-09-10 01:48:31'),(462,89,'55.65.85.254','Oldsmobile','2018-09-10 18:25:55'),(463,63,'176.98.11.140','Oldsmobile','2018-09-10 15:45:13'),(464,18,'107.70.107.134','BMW','2018-09-10 08:52:52'),(465,27,'113.138.85.170','Chevrolet','2018-09-11 23:54:06'),(466,68,'142.57.156.187','Maybach','2018-09-10 01:12:56'),(467,81,'208.217.220.25','Dodge','2018-09-11 20:57:13'),(468,74,'209.86.191.231','Mercury','2018-09-11 06:32:50'),(469,70,'8.60.244.247','Volkswagen','2018-09-11 08:18:01'),(470,28,'0.19.65.120','Hyundai','2018-09-10 15:29:34'),(471,65,'129.48.166.72','GMC','2018-09-11 13:08:23'),(472,16,'90.75.75.210','Saab','2018-09-10 16:43:12'),(473,75,'14.13.187.138','Nissan','2018-09-10 13:37:55'),(474,70,'13.130.185.177','Land Rover','2018-09-10 04:16:08'),(475,63,'229.40.23.230','Mercedes-Benz','2018-09-10 03:25:06'),(476,2,'161.26.114.98','Plymouth','2018-09-11 07:59:58'),(477,57,'13.88.21.185','Ford','2018-09-11 07:49:37'),(478,81,'19.25.201.248','Ford','2018-09-10 19:01:18'),(479,14,'87.236.34.17','Toyota','2018-09-11 19:12:53'),(480,50,'141.34.30.70','Chrysler','2018-09-10 09:33:20'),(481,1,'230.119.13.213','Acura','2018-09-11 06:44:50'),(482,99,'30.165.160.106','Infiniti','2018-09-10 04:50:13'),(483,92,'161.114.70.119','Ferrari','2018-09-10 19:48:18'),(484,1,'12.163.92.165','Mercedes-Benz','2018-09-11 00:03:25'),(485,55,'247.97.168.59','Cadillac','2018-09-10 01:56:28'),(486,27,'123.186.81.63','Dodge','2018-09-11 17:36:27'),(487,50,'103.231.180.80','Oldsmobile','2018-09-10 00:48:08'),(488,86,'142.232.8.58','MINI','2018-09-10 18:17:07'),(489,75,'133.94.192.212','Chevrolet','2018-09-10 18:18:41'),(490,77,'224.198.135.8','Mazda','2018-09-11 03:28:58'),(491,51,'143.69.123.56','Volkswagen','2018-09-10 10:20:41'),(492,94,'66.54.124.228','Mercedes-Benz','2018-09-11 06:01:45'),(493,20,'193.73.164.74','Lincoln','2018-09-11 12:58:46'),(494,29,'183.141.5.210','GMC','2018-09-10 03:41:32'),(495,18,'250.83.141.223','Audi','2018-09-11 20:40:10'),(496,83,'235.227.53.155','Chevrolet','2018-09-10 14:06:11'),(497,47,'220.237.139.26','Kia','2018-09-11 18:13:57'),(498,11,'87.50.35.207','Infiniti','2018-09-11 21:48:44'),(499,59,'43.169.221.248','Lexus','2018-09-10 00:42:27'),(500,75,'135.100.248.39','Lexus','2018-09-11 03:04:34'),(501,81,'54.186.182.177','Ford','2018-09-10 20:35:58'),(502,44,'46.86.40.150','Land Rover','2018-09-10 22:55:25'),(503,10,'18.192.24.25','Land Rover','2018-09-10 22:29:35');
/*!40000 ALTER TABLE `visit` ENABLE KEYS */;
UNLOCK TABLES;
/*!40103 SET TIME_ZONE=@OLD_TIME_ZONE */;

/*!40101 SET SQL_MODE=@OLD_SQL_MODE */;
/*!40014 SET FOREIGN_KEY_CHECKS=@OLD_FOREIGN_KEY_CHECKS */;
/*!40014 SET UNIQUE_CHECKS=@OLD_UNIQUE_CHECKS */;
/*!40101 SET CHARACTER_SET_CLIENT=@OLD_CHARACTER_SET_CLIENT */;
/*!40101 SET CHARACTER_SET_RESULTS=@OLD_CHARACTER_SET_RESULTS */;
/*!40101 SET COLLATION_CONNECTION=@OLD_COLLATION_CONNECTION */;
/*!40111 SET SQL_NOTES=@OLD_SQL_NOTES */;

-- Dump completed on 2018-09-10  6:26:53
